Run_ID,Revenue_Mult,CAPEX_Mult,OPEX_Mult,Solar_Mult,Project_IRR,Equity_IRR,NPV_USD,Payback_Years
0,1.0496714153011233,0.9889388559063053,1.077722624572083,1.0761514928204012,0.062429798531855735,0.06661441178054651,-14827969.034460515,17.0
1,0.9765846625276664,0.9812690434440655,1.189505537860887,1.0383717364576455,0.04651429871169518,0.05503414306034966,-20146233.9735267,18.0
2,0.9530525614065047,1.0434048034868773,0.9443898768625045,0.9767135123214872,0.03475997549583221,0.04631865920891834,-25288494.365076955,19.0
3,1.0241962271566034,0.8469375804273762,0.7930098600984361,0.9718856235379514,0.0693146381259192,0.07144432420847666,-10533314.705762787,17.0
4,0.8987168879665576,1.025139786607622,0.8910371109374546,0.9293848149332354,0.024360037111026592,0.038709270077818,-27957643.693103727,19.0
5,1.1465648768921555,0.9819378959610772,1.0081033845625509,0.9287625906893272,0.05690768742049632,0.0626275079785649,-16662120.74871198,18.0
6,0.9455617275474817,1.0088738071767893,0.8618807707093237,1.0187849009172836,0.04449881488063891,0.05343261574562367,-21357632.65341671,18.0
7,0.9399361310081195,0.9766645000165378,0.9277952065324724,1.092613909225447,0.054552830922392194,0.0608956157176896,-17373777.186393697,18.0
8,0.9986502775262066,0.915383125683528,1.0987053894523826,0.9389578175014489,0.045621718823287256,0.05436433953768048,-19062428.00963927,18.0
9,1.0208863595004756,0.843226390089618,0.8406176741321884,1.0098430617934562,0.07338793765866734,0.07429513383226936,-9179605.99895309,17.0
10,1.0738466579995412,1.0137094624951977,0.9861222061134112,0.9849448152205356,0.05306074743927399,0.05981060788108882,-18557273.18036717,18.0
11,0.8521478009632573,0.9424124633284233,0.9447233474848256,1.0528561113109458,0.040652170258383954,0.05064971114477496,-21124018.6293143,18.0
12,1.0343618289568461,0.8589567875709813,1.0388900763273754,0.9807458859791842,0.06447626137657606,0.06809976518089171,-12240112.039272925,17.0
13,0.9323077999694042,1.0489341031072694,1.1237199426995141,1.04656400595581,0.03600316377360503,0.04727441465610896,-25037816.31801273,18.0
14,0.9160782476777362,0.9752630099319028,1.0397516117684278,1.048777256356118,0.04357957207918646,0.05281308312329973,-20950425.520269766,18.0
15,0.952082576215471,0.9851472818668946,0.8672398031192766,0.9401896687959664,0.037664094879615514,0.04843234287883416,-22996333.63547313,18.0
16,1.08125258223942,1.108499202285666,0.9913587854103599,1.0501766448946013,0.052420471927066524,0.05932075691225131,-20531737.287707414,18.0
17,1.0361636025047634,0.9483904196315901,1.0433674726610096,1.0769018283232985,0.06618010033514538,0.06927923978992201,-12913201.404180849,17.0
18,0.9964173960890048,1.1251714924651206,0.6856305875092307,1.0410951252187612,0.04582526433446644,0.054357791794367394,-23313922.948695567,18.0
19,1.008704706823817,0.9760794119627306,1.0110112931842603,0.9006215542699554,0.03694240319464319,0.04795038068029393,-23013995.165480275,18.0
20,0.9780328112162489,1.0285690057209398,1.177347285368982,0.9740864890863177,0.03363395743574601,0.04557571503599041,-25298852.786250025,19.0
21,0.9191506397106812,0.9598594365132371,1.109848254124249,1.0164375554829843,0.039878678200690444,0.050122506361937186,-21760289.824752282,18.0
22,0.9470239796232961,1.0410613946490685,1.0116493059217648,1.0484322495266445,0.041608737594058115,0.05134435362939969,-23016330.002321646,18.0
23,0.9297946906122647,0.9737870282721786,0.9529470216241411,0.9268242525933941,0.031903529363461226,0.04427382201588398,-24443237.37628446,19.0
24,1.0296120277064575,1.020884421774391,1.0006136147970952,0.9882706433312427,0.04704554080029354,0.05536826317645593,-20765254.717052907,18.0
25,0.8584629257949585,0.9663483741787713,0.9588742580167877,0.9598861365389191,0.02683050294147426,0.04057030524623803,-25688490.449011255,19.0
26,0.9838714288333991,1.0323240685451631,1.2263423081452636,1.0087288906415919,0.037484975999124474,0.04838907667911467,-24178490.449615035,18.0
27,1.0257550390722765,0.9940443267387066,0.769747454164115,0.9986743062275392,0.055764175140887905,0.06173313937412356,-17254160.654698554,18.0
28,1.0060230209941026,1.197059368998823,0.9769166842262653,1.0150773671166806,0.0314213259210505,0.04387552321396563,-30203115.93000389,19.0
29,0.9965288230294757,0.9065057569904375,1.1371387377418025,1.0375966516343387,0.05882161520035773,0.0640679416664703,-14776896.595972318,18.0
30,1.0791031947043046,0.9272490036164209,1.1683353173123319,0.929907446860386,0.05160483349606881,0.05881648223126225,-17452258.536832124,18.0
31,1.058685709380027,1.1752364500647983,0.8811356409843174,0.9716851135198614,0.036226163664370835,0.04734556419829914,-27943487.440334663,18.0
32,1.009965136508764,0.9597219476707041,0.813920388272064,1.0034281487403014,0.05726451999904973,0.06284081910200734,-16155956.243115107,18.0
33,0.8937696286273895,1.0378873944508145,0.8896690918919437,1.077496720250877,0.0408411398675221,0.05074865225559524,-23191319.874225155,18.0
34,0.9216746707663763,0.974235078703546,1.0976220660843603,0.9384567841783023,0.028541624366746638,0.041866570506649894,-25429069.29275878,19.0
35,1.0227459934604128,1.1045714203425943,0.8071020118526527,1.0092316929266152,0.044677262084765385,0.053532419064924855,-23310539.037364498,18.0
36,1.0259882794248423,1.0625458297421848,0.8515659146946302,0.9339771693457862,0.03863522814475308,0.049116574271889035,-24475746.287651032,18.0
37,1.0521941565616897,1.0237587738586549,1.0300591420415053,1.0173224104748488,0.05260755024202233,0.0594870138596617,-18902680.084545955,18.0
38,0.931997527842151,1.0185802957728802,1.0351686967958418,0.9642824290986816,0.030567264087190273,0.04331312470065012,-25973738.608535163,19.0
39,1.1865774511144758,1.037906633672943,0.8570435803356822,1.0328276804316916,0.07210781126691301,0.07336692956277008,-11803482.35699847,17.0
40,0.9025318329772678,1.0629667682993962,1.1390314694808885,0.9589658840824145,0.01874863011555246,0.034587128277378906,-30645931.411697835,20.0
41,1.0963376129244322,1.0330224741549199,1.0986472191993388,1.0948396491326973,0.0652455290183076,0.06860949821166966,-14421591.647195013,17.0
42,0.975461188399713,0.9397011068514008,0.8932582684449372,0.959209485751728,0.04758122454140653,0.055759237059709234,-18944985.305200014,18.0
43,0.9922898290585895,1.0272921579853316,1.0332028959196022,1.0413591624518013,0.04763890684113536,0.05581681859709734,-20694591.35987923,18.0
44,1.0013001891877906,1.1162827261725854,0.9682411800114452,1.136008458329481,0.05234347031171333,0.05925723456128378,-20703729.567991406,18.0
45,1.0625667347765007,0.9314273954866974,0.8714929002326666,1.0241236207621593,0.06854151807621481,0.07090215847501427,-11855167.772211013,17.0
46,0.9776537214674149,1.0571200395273674,1.0567885149488254,0.9963585543671564,0.03653708833373552,0.04764421624768212,-25054013.523843143,18.0
47,0.9153206281931595,0.8788122220251309,0.9464182057519575,1.0428199397161737,0.05603955562969364,0.06201037975699283,-15182664.03292875,18.0
48,1.0214093744130204,0.9003408977030409,1.0207817111021418,1.0192658689864418,0.0631653619852163,0.06714955526507245,-13259797.183129309,17.0
49,0.9116142563798867,1.0122980084756423,1.00698504621352,0.9428514851084688,0.026219019570999074,0.040120852948292166,-27086930.593806285,19.0
50,1.0357787360348283,1.0448627621094588,1.1299661491810333,1.0526901026017452,0.05070726187318867,0.058109093883412656,-19974922.74342418,18.0
51,0.8622330632042909,0.9249739968067902,1.0618042320650392,1.0256892975456104,0.03772787451345821,0.04855460809646048,-21591706.58194612,18.0
52,1.0515047686306047,1.3,1.06850686128318,1.05677828200903,0.03151774586936606,0.04394735358163643,-32763894.519013148,19.0
53,1.0954001763493202,1.0521113001044637,0.9621676906431585,1.0379484610246634,0.05881705292363772,0.06397945341059524,-17135346.60613414,18.0
54,0.9227174785462429,0.9810545114607993,0.9417563742605076,1.004093706969316,0.040631417494636814,0.050622697530157586,-21993697.127569553,18.0
55,1.2314658566673509,0.8506187845926602,1.0823512228449417,0.9193642064405174,0.07985341567099097,0.0787951019516095,-7113964.06663185,17.0
56,0.9528068134210567,1.0871160477573893,1.0077136022914555,0.9461127611035347,0.025017507463718388,0.03921344426630078,-29452525.428562567,19.0
57,0.9284696290740032,1.0543678199147741,0.9123560041939436,1.0108229294790987,0.03545866275437871,0.04681682870753464,-25326599.623120174,19.0
58,1.0045571839903813,0.9478719721915346,1.2572732907190391,1.0316959511159005,0.05154255637399181,0.05878794410881642,-17864097.7759353,18.0
59,0.7974857413342393,1.0149163451815542,0.9205856242277934,1.0426216667398112,0.024031383150000352,0.03847740449103809,-27775789.828548726,19.0
60,0.92074792615673,0.9908210846826481,1.0605984734776548,1.0432877597085062,0.04139771082259048,0.05121652746815753,-21979016.787705533,18.0
61,0.8799703592944224,0.9732399011327242,0.9430065626606853,0.9673335383713144,0.030657847818486402,0.04336508111502687,-24787753.25339642,19.0
62,1.1765454240281097,1.0323985368768764,0.8486939254797946,1.0458930973527387,0.07341254884088419,0.07427134109793034,-11223880.004189575,17.0
63,1.2122156197012632,1.0825972208440917,0.8176756040855184,0.9757882963566874,0.06352387673957871,0.06731197359549257,-15785180.4044589,17.0
64,1.1266911149186623,0.9433864427504975,1.0532583313775474,1.0387317026714669,0.07303762831709547,0.0740803913612408,-10400508.676810585,17.0
65,0.9073069528421918,0.995237971515056,0.6110479191917113,0.9487806179332855,0.03809350152356925,0.04866948438016219,-23079628.264193334,18.0
66,0.974743184860684,0.900177345442812,1.1958893564717963,0.9284929311019684,0.040122374459241,0.050349698165086935,-20349011.850398272,18.0
67,0.9559955513303016,1.0104592461828874,1.172952794687934,0.928206892441028,0.02621637068465109,0.04016925173153812,-27053391.620800607,19.0
68,1.1163163752154959,1.000818644881567,0.8822189618742459,1.0231051737131636,0.06654693147794856,0.06948540033291412,-13482404.62540905,17.0
69,1.019905969557347,0.9519826498272964,1.0083762501988023,0.980734320156912,0.05208553648858393,0.059117609661204676,-17750630.22461847,18.0
70,1.0113517345251248,1.0529704539616838,1.1903220179374423,0.9381092250586576,0.030375990211548638,0.043207588929352614,-26920003.171177723,19.0
71,1.2133033374656268,0.8438329760381998,0.98178578859573,1.029415860324229,0.09714084585321822,0.09027483950221221,-1036358.0231732896,16.0
72,1.0280991867735032,0.9501840384143525,0.975025329957127,0.9753499532670583,0.05337464228689777,0.060054236310042926,-17294249.35757667,18.0
73,0.9410635243055788,1.067968167761682,1.0428418583158057,0.9653545202369673,0.02693366529982646,0.04064141445853173,-28356828.119602647,19.0
74,1.089959987543325,1.0245839616701287,1.0975434542606752,1.0314814420961806,0.057504205474918045,0.06307070417596644,-17172185.018153224,18.0
75,0.9171004989077928,0.9551855167842425,1.0896752326147914,1.0305185132716732,0.04240733013093014,0.05197623008454537,-20884704.49324871,18.0
76,0.9979098406035852,1.0093861906647026,1.153319787494611,0.9704214305582085,0.03830586068881181,0.04897350761371684,-23380115.051405773,18.0
77,1.0547097381170039,0.9838245878052885,0.9738782556127336,1.0549388425993595,0.06316700263055378,0.06711543213952023,-14482823.640588365,17.0
78,1.082541634898803,1.0650807708800512,1.1566574568585195,1.001050192081638,0.04731536080872831,0.05559740179157139,-21575699.210748818,18.0
79,1.0681952971294963,0.9751786594725235,1.038899962298613,0.9934928472816158,0.0565415027614526,0.06237180669068181,-16675028.595050815,18.0
80,1.0096995964992719,1.047612562034953,0.9018135180119833,1.104619363784273,0.058036099526808736,0.06340223164140758,-17350186.844115645,18.0
81,0.8993982618500298,0.9028649109769814,1.1389733048200081,1.0395831346981468,0.045679102138095506,0.05442366429515193,-18788186.50968814,18.0
82,1.0624119817052156,1.0502676407411424,0.9985303872583703,0.9551372814257084,0.04375720707726214,0.052911408508475255,-22493252.299531158,18.0
83,1.0075804558193726,0.9458270630790311,1.11701436801013,0.9926471309248931,0.050255695615864626,0.0578019979597249,-18231886.230868652,18.0
84,0.9174502803207488,0.9742891326677605,1.049551774513075,0.9718137723598013,0.033736822187708994,0.045630405585354916,-23928345.081508618,19.0
85,0.9177779604433569,1.019494976919353,1.0293959885330468,0.9746528412314435,0.030021599855751514,0.042913366438353695,-26160048.02098177,19.0
86,0.9528961694381677,1.018563994988611,0.8262298790203211,0.9296268112811722,0.033919958301949465,0.045685180657508054,-24938034.586954102,19.0
87,0.9281555778747564,0.9829242278630522,1.0373089078717606,1.0737678108474775,0.0475539460772178,0.05576679525507911,-19831574.484303128,18.0
88,1.085765962320202,0.9872049176029258,0.9977180550516773,0.9498735317681095,0.05240204015967715,0.059337391412459424,-18297641.4587569,18.0
89,0.998148686400761,0.9769073088863889,1.0387262272405708,0.9586384528223838,0.04289739647697471,0.05231375120874983,-21200616.153508384,18.0
90,1.0519346514241172,1.1226191130402061,0.9869487821851771,1.0200855861049472,0.04405643542025994,0.05311032174869631,-23928644.02138621,18.0
91,1.0690143991711112,0.9679023622491331,1.02689109781725,1.0006296200390898,0.058660073421535654,0.06390300438737118,-15824643.093811214,18.0
92,1.0097676098548831,0.9381592172915627,1.002941220911073,1.0248999145622726,0.05824736739522704,0.06360725123162073,-15476433.96475584,18.0
93,1.1451143607795042,1.0767416660868165,1.2583818949013867,0.9616326218555975,0.04612153329033038,0.05472938023057586,-22243188.546293326,18.0
94,1.0872320636720678,1.0146673604590681,1.2627763519861206,0.9595850857322424,0.04511217816981109,0.05399494209689866,-21302641.895693,18.0
95,0.9160278157819224,0.9520485883644783,0.7451325130828232,0.973712248915962,0.04379048202417232,0.05288998847393202,-20368874.460823543,18.0
96,0.9240867338446301,1.0120315029180966,1.0410107170932592,1.0938085419607944,0.046212816102795366,0.054760057725144605,-20867064.959484972,18.0
97,1.095042383818605,0.9538477075470078,0.8921902394381971,1.0245959585753253,0.06944266140354251,0.07153373482416234,-11816841.879219102,17.0
98,0.8679766792979358,1.1465167012683484,1.1415328144865544,0.9765412173947647,0.008462002041688187,0.026742574390114657,-36074168.13147244,23.0
99,0.8286865470909123,1.108309789933233,0.9862552185696859,1.061890815598673,0.020580952528307456,0.035903204301828966,-31385109.54219134,19.0
100,0.8405572341205633,0.9520499981636982,1.000629243966182,1.0023490296882371,0.030066276213832295,0.04295823207992993,-24420238.848446578,19.0
101,0.9549934528520756,1.0498279945878,0.8718855484740886,0.9928810257489353,0.038119507748260555,0.04874978207712911,-24353783.7423483,18.0
102,1.01202956317119,1.0411551067247,1.0853937853706668,0.9437678954081066,0.034915135674339993,0.04647025766596125,-25195957.900928397,19.0
103,0.8465885829264378,1.1022141457518808,1.039877681437551,0.9625756731721723,0.010055749036207243,0.027947806092071335,-34239290.94889737,23.0
104,1.1551151975522522,1.0092539707434287,1.1415156620876592,1.0033759240705054,0.06229741789202467,0.06653009253937071,-15182931.832186842,17.0
105,1.2060747924881987,1.1404272673954563,0.9701243021825112,1.0485785475477178,0.06346439435246103,0.06729303104041154,-16657674.039669268,17.0
106,1.0645375949585147,1.109490524602588,0.8842091847303875,1.034302572999922,0.05057773569873975,0.05793908329572705,-21241215.271275334,18.0
107,1.1058424486849587,0.8593008410861509,0.858008978480107,0.8980383911119949,0.0658453355824831,0.06901811169278965,-11803510.66787406,17.0
108,0.9730593165555442,1.0574033804636769,1.1802828462515234,1.0037047390209888,0.03397519656939274,0.04581388353432592,-25896734.330935296,19.0
109,1.1628615545571293,0.8895918833428087,0.7955941072773814,0.9972226150551691,0.08402910932680085,0.0815347833307602,-5943518.093269154,17.0
110,1.0384065448939308,0.9973844201524725,0.7519069479952148,0.9955439980243606,0.056920383166538,0.06256757374980626,-16906376.839482483,18.0
111,0.8695530499495147,1.053573803906403,1.0439917895316217,0.9530060106836322,0.01656678094730641,0.03291800158571373,-30977282.858831402,21.0
112,0.9486133082663306,0.9152629182488838,0.9924785083272194,1.0477571160250618,0.05585601162572809,0.06187890920655641,-15871631.131857205,18.0
113,0.9014273953664456,1.0403237212414276,0.9363690857953071,0.9603563583868828,0.026168510872031103,0.0400548850130227,-27843050.211763494,19.0
114,0.9892969640045443,0.91718061420645,0.9335620833583381,0.9401061053705576,0.0484031963898682,0.05638790630858858,-18243060.5637296,18.0
115,1.196472513291639,1.0028210841577383,0.9160329390408897,1.0106989955367112,0.07316918081095675,0.07412410468483079,-10998943.130474772,17.0
116,0.988767195030917,0.9823224320373422,1.073700004005211,1.0378753855023652,0.05059588476869726,0.05802998575146519,-18817114.62253088,18.0
117,0.9469498852389473,0.9539345407484257,0.9669937963418027,0.8849039417632207,0.030067772292177792,0.042948231869051466,-24465173.741467576,19.0
118,0.8484808937801448,1.1093499413955619,1.197396125620154,0.9875481980221811,0.008704932703232443,0.02695746413388696,-34848892.31754049,23.0
119,1.0576556963055765,1.0249000123634828,1.3694656970146286,1.0559787455717289,0.05087231777412536,0.058297222318214686,-19550601.54831971,18.0
120,0.9872082408519234,0.9235567647519659,0.8072264415690913,1.0101731817933612,0.05956284837946354,0.06450650467272351,-14794011.102820832,17.0
121,0.9243649254715697,0.886219703232186,0.9224112538908968,0.9459225998192803,0.0443643968889427,0.053382309542453175,-18810595.95275913,18.0
122,1.1687141635072564,1.070531180555956,0.999043283042006,1.0739972069445014,0.06906163265072336,0.07126633867647732,-13416118.048774812,17.0
123,1.0077368307647618,0.9310972638937389,1.1827748892723589,1.0269455021842329,0.05497834232968955,0.061287754877058565,-16440721.619251793,18.0
124,0.8962753845673543,0.9847729057533113,0.8949258095938292,0.9308600134517832,0.028187701233726974,0.04154191691418274,-25786628.105115026,19.0
125,1.0926177547531641,1.1527533312376104,0.8321718911417031,1.0281484618345285,0.04999286201371531,0.057487359678438786,-22292623.635992024,18.0
126,0.9349357430878174,0.9610299692988243,0.9289127290913357,0.9568004615160092,0.03862947325461224,0.0491590040138387,-22150608.11534449,18.0
127,1.0048521627944826,0.933523990687117,1.0324548190935807,0.9974880945275432,0.05390309373084272,0.06046125316395905,-16824426.35978352,18.0
128,0.976105195313359,0.9273949070366722,0.9307874403318,1.0377695612912878,0.05832850413986328,0.06364938424221242,-15269241.24222545,18.0
129,1.0500917187624381,0.9217955804161159,1.0119198766515072,1.0375693561685895,0.06684490904328942,0.06974772883933834,-12323095.075268552,17.0
130,0.8330594718878628,1.0434688153903948,0.9204851489264984,1.028529933429658,0.02498215089751874,0.03917360165114651,-28276195.831229787,19.0
131,0.9236740843457483,0.8556094319468385,0.8046949074540205,1.0024042473330692,0.058448806741630506,0.06372033852382886,-14048169.795256514,18.0
132,1.0259722501721482,0.9276546699916473,1.076631095053285,0.916923996886552,0.04519772139080304,0.05403642528227448,-19444843.048268013,18.0
133,0.9933920201352684,0.9031187040190034,0.9217796670637409,1.0023699335658207,0.05919616847342077,0.06427923664478863,-14591106.263931481,17.0
134,0.9139586634716048,0.969235556461614,1.120755137105733,0.9711554065238426,0.03184883894933682,0.04428639196839294,-24358799.601941735,19.0
135,1.0835692112065143,0.9096234516273906,1.063576501349834,1.072078431032895,0.07601480915576612,0.0761472819625057,-8980459.538765505,17.0
136,0.7528355499872711,0.9362483795623618,1.069248655261665,0.9898477306978504,0.013759277955907347,0.03083948609091045,-28226128.41479635,21.0
137,1.0371145873371308,0.9516811850627344,1.010390774496748,0.992216138230396,0.05577728514939704,0.06181591382768738,-16528314.692017077,18.0
138,1.1167782061659808,1.020353667464097,1.0405123194490242,0.9794061516938767,0.05554264815992526,0.06163459363595329,-17802583.97160445,18.0
139,0.9512393775927507,0.9653953449744304,1.0473342570853956,0.9789507759589868,0.040394862175763505,0.050483066876972404,-21723451.331660762,18.0
140,1.0289774856896412,1.166032063891635,1.104534964411803,0.983698823391608,0.0302581744819069,0.04306736519079752,-29833076.07554018,19.0
141,1.1201213922163944,0.9673539701582758,0.7554250557786575,0.9495956844541298,0.0638040489888833,0.06751761255027004,-14006697.044335572,17.0
142,0.8129208078974144,0.9718789212766953,1.0022102055027462,1.0838218656137641,0.033668641970379685,0.04556773372165365,-23885598.258949935,19.0
143,1.0326927373764163,0.9824719576952908,1.0995286697420188,0.8894432345496057,0.03548701426346539,0.0469103772325623,-23610268.437452223,19.0
144,1.0235614558108566,1.0616692155109573,0.8225696505064191,1.0571877021603464,0.05438020240547402,0.060724642428906704,-18939840.728454586,18.0
145,1.0338496407494415,0.9667769668879359,1.0759338239327543,1.1135346428902198,0.06754222003668245,0.07024243199971832,-12673343.995243184,17.0
146,1.0181866255058496,1.0198576469040268,0.9448766920551707,0.9575077815267604,0.04296562841504645,0.052326334505521224,-22100920.955884233,18.0
147,1.0830335816544245,0.9315132939272907,1.0085879484663272,0.9761171276617442,0.06171650760924488,0.06610317214342591,-14207883.853519522,17.0
148,1.0478979825746393,1.0266929684229558,1.124504793310948,0.9744991800572627,0.044155971542330204,0.053241913160288146,-21865419.680136222,18.0
149,0.9730125064706628,0.9216989027374154,0.9466848087908666,1.0188650246522426,0.0558251792355466,0.061841924671333585,-15990526.236563507,18.0
150,1.075698861664535,0.9262267740657899,1.1043527104126791,1.0677818929402476,0.07150235518956602,0.07303208271716051,-10758337.634300184,17.0
151,1.0413434903223702,1.1501436650046453,0.9071452961075712,0.9377672648344292,0.03153365289403879,0.043949111183300735,-28978513.089207657,19.0
152,0.8221279751095721,1.1196835449191347,1.078523878762487,0.9972207664544772,0.008213172767273546,0.02654028903649892,-35294154.07186129,23.0
153,1.027996862631982,0.9099608762161299,1.2934902375540192,1.0064610590987613,0.05484410002986205,0.06122855974936233,-16117216.073481051,18.0
154,1.0109394794604893,1.0580613299118953,1.0577211078084057,1.0111942012139565,0.04261307350151622,0.05208831329262661,-23054004.970608454,18.0
155,0.9209525544554689,1.0377174685708797,1.225842939577004,1.067271002307749,0.035676730433870554,0.04706704121347859,-24882615.32501637,18.0
156,1.1593186626639398,0.9591027458855051,0.8812474215689703,0.9937106539950176,0.07254297726387131,0.07369105864176662,-10750218.023406306,17.0
157,1.0055724912288695,1.087535321477676,0.7969042444342217,1.0764775159730307,0.05235208141440338,0.059228598189325014,-20159313.618564896,18.0
158,0.9841992101421011,0.9658495144042064,0.8785474749687799,0.9172571664067115,0.04051593434307098,0.0505237703350696,-21684730.930695254,18.0
159,1.0823170583961914,1.0058654373750724,0.8452046920310735,0.9352460613968192,0.0513643682808056,0.05853027544219102,-18990872.17036724,18.0
160,0.9664215300709872,1.1335217220231515,0.9688490378363674,0.9248428523440947,0.02068842261026553,0.035972555921431254,-32062083.567952864,19.0
161,0.9754256935914055,0.9781821144201863,0.6763736028470114,0.9972852566741094,0.0531428570146011,0.05979801753130661,-17864410.06372881,18.0
162,0.9769065469791322,1.0556965091850734,1.2218747313934415,1.056328251477388,0.040414419934948646,0.05051749973679656,-23754284.37789077,18.0
163,0.973111130944517,0.9114779273006663,1.3088031763899832,1.0029609217007245,0.046257218164405,0.05490206255004102,-18803564.341217127,18.0
164,1.0013929291912946,0.9980699930311997,1.0237701712921425,0.9927819794038029,0.04593466246233567,0.05455148267911324,-20670547.34634633,18.0
165,0.9426337993119763,0.9562512847007686,0.9960696075740801,0.9728287614433118,0.040662055871282084,0.05066780406506659,-21433847.78013884,18.0
166,0.9287154217322836,1.0085144182153518,0.9694027339094974,1.0751996494291345,0.04662763068663634,0.05505163617527086,-20652087.719654083,18.0
167,0.7349030191606988,1.0873205481537969,1.1495302230997155,0.8963304883795925,-0.021046557342892087,0.006274568231054125,-41024020.524256445,25.0
168,0.9657312405919651,0.9702847307203367,0.8310985966338614,0.9611091656204562,0.04467607442774717,0.05356507219307582,-20484912.134677544,18.0
169,0.8889424154534171,1.1401816354738898,1.1122814071776954,1.0635777547497078,0.023719334491312773,0.038267103695849465,-31310610.234691117,19.0
170,1.0721672064043235,0.9096758583026217,0.9370575680464271,1.024468728061396,0.07106084039329373,0.07268641862138175,-10714480.985145459,17.0
171,0.8777872191108055,1.057039874413791,0.9711609522210238,0.9812589596225201,0.023041987522683032,0.037746765940974675,-29221226.24614028,19.0
172,1.071095996820349,1.0355410649188832,0.9566840601017104,1.0579664901682124,0.06023867643320265,0.06500476539648017,-16339338.556202797,17.0
173,0.8918936672400103,1.0492748485555412,1.071172150956206,0.9845226780343005,0.023671637074050327,0.038245676847547226,-28832564.30243144,19.0
174,1.0326133022242119,0.8999109138891758,1.110883242304828,0.9907548931778506,0.05879061426125437,0.06404059862120556,-14678499.98152843,18.0
175,0.9477276979480961,1.083920738066951,0.9154787571348689,0.929576935181822,0.02471266682620591,0.038962778514743994,-29450937.667647712,19.0
176,0.8443370826476096,1.0484807961076512,0.846348477700446,1.0877397090992182,0.03490161603437529,0.046392343345245265,-25358416.13776769,19.0
177,0.7918070592116278,1.1357165094632031,1.0253220960643141,0.9951643444064804,0.003210617726171193,0.022649664363891285,-37152765.75340378,23.0
178,0.9455080913191051,1.0319308891481658,0.9954838357090182,1.0551650941008262,0.04351432582530588,0.0527378439946997,-22182558.96169688,18.0
179,1.011422764866204,1.0120241409169501,0.9563665345343373,0.9971527188139466,0.04781415496425003,0.055931004291031365,-20324205.268779688,18.0
180,1.030780176889206,0.8631865285874699,0.8382177493473144,1.0371632047011357,0.07563282116623742,0.0758388603774795,-8645956.06420075,17.0
181,1.0170865438127943,0.9852813330917857,1.0022120719678471,1.0173790852680835,0.05294033928673271,0.059733855851863894,-18080071.419613075,18.0
182,0.9460240319690638,0.937735621967815,1.0235014306117218,0.9510813611192483,0.0395458783916244,0.04985907756332636,-21352714.685922734,18.0
183,1.040825275571447,0.8637933116609727,1.1234986764790773,1.0236298741206522,0.06861305473174323,0.07103948116609282,-10982179.841013895,17.0
184,1.0256029734313876,1.0786152787156411,1.1998569333355091,1.0507185032509065,0.044344924967464276,0.05338687978418409,-22906197.649242,18.0
185,0.8159125768668355,0.8976338426611439,0.9250217706765186,1.0013045525105417,0.03419411296702294,0.04594697953320662,-21918343.210396096,19.0
186,1.0517659020469123,0.9419404949477228,1.0224120117372495,0.9622308533823338,0.05443357485501075,0.060843335091330525,-16801765.462248817,18.0
187,0.9388482197008052,0.8874671122521423,0.8892120104666915,0.9324157697191833,0.0452245138032724,0.05401380317582481,-18585690.743979324,18.0
188,0.9024126747022667,1.0842913437286272,0.8860721333401669,1.1316191032418694,0.04363937658173762,0.05278903700047453,-23253649.51188124,18.0
189,1.049331790088089,1.0147868898955898,0.8969970663782544,1.0350154939704497,0.05821929348265325,0.06354040059897252,-16741704.124173848,18.0
190,0.9424362173762226,1.0097607851716288,1.3072101445922555,0.9951970050137675,0.030232355319267722,0.04315154059410036,-25871833.64531026,19.0
191,1.1149273326285676,0.943745885989929,0.9958013811403646,1.0885400317817755,0.0791517082188712,0.07826816493194814,-8150919.53260646,17.0
192,0.9373032942212233,1.1449958846397543,1.084930232254657,0.9718766612052866,0.019238641442375005,0.034915822147889,-32846223.91477317,20.0
193,1.063240773905552,1.0778043559701385,1.0746171954660635,0.9214887640054772,0.03486621631714186,0.046421860971617275,-26095110.43521469,19.0
194,0.9272862824175131,0.9801985091558796,0.9910679885079945,1.031033604877534,0.04356970944469547,0.05279091845673685,-21055988.55263003,18.0
195,1.0177701000933255,0.8931724513031919,1.0456237421207155,1.0305292872641911,0.06448950255851554,0.06809971407715668,-12721944.605889624,17.0
196,1.055979044793104,1.0864624580443698,1.1000706585458684,1.0229590039614218,0.045998680388734246,0.054595778153064635,-22477382.91840611,18.0
197,0.9929834288541353,0.8671231253187207,1.0515541862959104,1.0103843843581555,0.06162490875367428,0.06606977048492997,-13259445.915685913,17.0
198,1.0271578837195374,0.8978601139343753,0.8702732151510085,1.0526576426666452,0.07189816958693154,0.07325493907958576,-10286798.10107506,17.0
199,0.9960444846143345,1.05452005578981,1.0033982051356554,1.0014878069747872,0.041041995368604096,0.050922410769641886,-23502678.703316066,18.0
200,1.0938283805975997,0.9587164217426101,1.011534493232918,0.9768862355647479,0.05989799190060881,0.06479272577742096,-15250082.827227304,17.0
201,0.9565503772567684,0.9752662301225088,1.0266560525960455,0.9760625689168261,0.04017750248730781,0.0503140734590885,-22010385.241209842,18.0
202,1.1255756125573522,0.9284314158224397,0.9775754027006369,0.9780134470862912,0.0681638579706676,0.07066505356430183,-11952517.743439246,17.0
203,1.1446977884353733,1.0157243821209259,1.1238213447362362,0.9257219813481514,0.05012314542553536,0.05768460146762435,-19620468.12934667,18.0
204,1.026705026586926,1.071170463649875,1.009874078713051,1.0532740187532676,0.04950792049628967,0.05718680238171147,-20903868.293513842,18.0
205,0.9482711549899627,1.1127477952148463,1.27586777483431,0.981858071978017,0.02023141442226857,0.03572217938233053,-31644025.058881715,20.0
206,0.9554497478599229,1.116270758169416,1.1895486574876855,0.9738569986423365,0.02195244603113562,0.036981665711889364,-31210230.24009236,19.0
207,0.9579813182904142,0.9774572312911595,0.8386659386758868,0.95406740267579,0.0417864360973346,0.05144353202104305,-21547046.538080577,18.0
208,0.8995859233247931,0.9385761947916698,0.9958378135135862,1.011710736626826,0.041643520152100766,0.05139440324540157,-20745894.045045033,18.0
209,1.1550500492814078,0.9201316767408967,1.11811868781719,0.9893005577887245,0.07125123948796774,0.07286267487687186,-10776360.39953568,17.0
210,0.9950536290347567,1.0539855593733283,0.8652733574125242,1.0191204873092026,0.046203836066873595,0.054697693109508096,-21721561.487863857,18.0
211,1.0166452208213057,1.0393961011206518,1.0347002372689382,1.1227650069955448,0.059204032566912715,0.06427859673507964,-16788717.988050967,17.0
212,0.9362260015748685,0.9575202435998545,0.9252231368290282,0.9722261440419873,0.041318790190596345,0.051129908640937964,-21257474.550687183,18.0
213,0.9362612872693482,1.095121322488604,1.1704605097587826,0.9714626853125262,0.021397628883018886,0.03656906786388518,-30786149.9348306,19.0
214,0.9167644426895771,1.0377132445109123,0.9337332346862834,1.0316465908877754,0.03757415680092394,0.048372350649390355,-24253824.806413807,18.0
215,1.02029230208513,0.8787404708002214,1.1857006241596073,1.089793883654776,0.07122458319046249,0.07287569495455418,-10304304.696672365,17.0
216,0.9387211309515614,0.9689838752051213,1.0343038468869885,1.0167228394993513,0.04352822749007841,0.05277593984615921,-20831710.548201952,18.0
217,1.065854427267283,1.160816363101308,0.9787663327007141,0.9600851377730774,0.03479997879693066,0.04632952539666339,-28114444.869293787,19.0
218,0.8620680771985473,0.9415255968046464,0.9960247632551443,1.0897278931758894,0.0454215767423182,0.05417637940109055,-19660274.729670934,18.0
219,0.9482388700963829,1.0179030361311119,0.9980292524712697,1.0594196636724043,0.04577931559123685,0.054423202122320255,-21130459.835069496,18.0
220,1.2526932425873623,0.9575304981663744,0.9412672668978134,1.0522080438534536,0.08995529775962152,0.08551078474956614,-4072874.425231003,16.0
221,1.0681891489626312,1.1477365860588826,1.0700713822391157,0.982035395460647,0.03713933020880291,0.04806461452607408,-26982609.594281524,18.0
222,1.059065483069231,1.0886962864466325,1.0984578617436838,1.025363701555365,0.04649025882619969,0.054961906781241514,-22346713.783558905,18.0
223,1.1066674689589153,1.093543647235654,1.1658590789245031,1.0324354943794822,0.0512043096182612,0.05847133221842016,-20719744.440932672,18.0
224,0.9832881919683145,1.0117370949146658,1.1447810759810029,0.9591532164506382,0.03480054590429347,0.046413483814543036,-24526306.884935886,19.0
225,1.0368673308872902,0.9685328950138111,1.003449378752178,1.0639225931303649,0.06315456477645608,0.0671179000274549,-14263975.618880168,17.0
226,1.0191099068019904,1.0037149238524918,0.8368172630824097,1.037312678301361,0.0572399173419053,0.06281936566890596,-16904546.156668656,18.0
227,1.0645484181141076,1.1730603778644368,0.9630666118056399,1.010957516383197,0.04029087642182055,0.05033345971622391,-26413072.11941119,18.0
228,1.0249383683710755,1.126196262381078,0.9885645361135658,1.0139510762885169,0.03966162352333114,0.04988516716484585,-25585829.75676883,18.0
229,1.060789650971654,1.0149287298525087,0.9464279662539367,1.0097044996449154,0.05539055063435368,0.06150164600513848,-17757357.8752294,18.0
230,1.1073631749859771,0.9178787760471152,1.0159563608976252,0.9649939592530413,0.06462595184089631,0.06818096184746235,-13025408.931544399,17.0
231,1.1195046628924843,0.8781450476172981,0.9329293783274094,1.018860593753226,0.08039412110983836,0.07911515012930685,-7151254.023826754,17.0
232,1.156552402923434,0.994739979114161,0.9333760567968162,1.0940578534720296,0.07986993686552518,0.07873075427852606,-8305429.70564768,17.0
233,0.8551986099583756,0.8240955234703935,1.0528017340064,0.9748972887823695,0.042170196915855475,0.05183990554426351,-18088848.495914064,18.0
234,0.8978767182869287,1.0566685157839482,1.029256085652544,0.9717960684631636,0.023228042925021793,0.03790204809309439,-29161759.067760102,19.0
235,0.8719695601329105,1.0697965862624115,1.0780241413550393,0.9950412068110308,0.020017151608857385,0.035518271804076254,-30470393.707259748,20.0
236,1.1846636996047666,0.9143932186939078,0.8169369794890313,0.9654045965059378,0.07844141377322808,0.07774672051302361,-8150639.913668299,17.0
237,0.9954413983644502,1.0194671559458153,0.9710516730572404,1.0176027698257148,0.0472711358980788,0.055528939184855956,-20658354.81724643,18.0
238,0.8748460575809556,1.1155011683258607,0.9901418585928917,1.0558647915794064,0.02588612369704564,0.03984287518914958,-29943396.354641464,19.0
239,1.0342725346377704,1.0365402575323026,1.0683720736278643,1.0223854280008657,0.04889177891503206,0.05675367774997491,-20448205.386941116,18.0
240,1.0642722759867544,1.1063322024105946,1.0235825403641765,1.0354501878794256,0.048196751814897396,0.05621007692519444,-22075592.568597414,18.0
241,0.9910264305712774,1.115209377235958,0.9188329237528876,1.0900470216455407,0.04697462422659227,0.055273711891901785,-22699378.61271034,18.0
242,0.9959842049355656,0.8855379918305561,1.0153725297892948,0.965947417126256,0.05458214602603827,0.060967388436070614,-15752784.558331072,18.0
243,1.0840643548988724,0.9477900816558087,0.9464579880142264,0.9055229634527234,0.051551316755167824,0.05870913716828171,-17842374.408906292,18.0
244,0.9547693680750924,0.8060896538696835,0.8099316611817132,1.0380207328072149,0.07399078842022024,0.07471406097805515,-8588090.226692056,17.0
245,1.0785800158650831,1.0340366049427971,0.8839628628244944,0.997614432192901,0.05526225310750523,0.061388392723994135,-18133869.621590056,18.0
246,0.9996397460909432,0.9073308248645966,1.180407796212058,1.0438681145287836,0.0589667073148137,0.06418411222933348,-14745345.687859848,17.0
247,0.9779035826170336,1.0021508671195625,1.0250059369537063,0.8979132565787855,0.029507672583126882,0.042542078226962717,-25866910.62430086,19.0
248,0.9752822617479403,0.9454412601601762,0.8798055988126101,0.9859449853557023,0.050719542109984576,0.05807869560946039,-18062202.82571491,18.0
249,1.1797686526849522,1.0512674289013608,0.9314585212260644,1.028629139067808,0.0679550269799421,0.07047832121294202,-13609896.23476674,17.0
250,1.1399355436586003,1.0739706946330214,1.0071556443904208,0.9676531611147213,0.051809503102729755,0.058883200325278495,-20119420.463039093,18.0
251,1.069822331361359,1.03147883083374,1.107423186403328,1.0317585900840984,0.054161216053639376,0.06064149756047927,-18495777.524384487,18.0
252,1.1049552715319335,0.9571811830751545,1.158087287876119,1.00987998023462,0.06270396223269842,0.06683948959923698,-14261115.626861082,17.0
253,1.2075260872625266,0.9448649745528346,1.2083156563798298,1.0098955391731324,0.07538015935395376,0.07573600916671805,-9564867.916057786,17.0
254,0.9348581996385552,0.9612891332756542,0.9615583230166815,1.0212082973200958,0.046130866941325566,0.05469125605761825,-19845093.795199107,18.0
255,1.05228354880355,0.9541039996849137,0.9970774489286821,1.107113517930593,0.07227511733091167,0.07353468122368266,-10795818.019893704,17.0
256,1.1727543170100712,1.0349058935739226,1.004560417380184,1.006001566335913,0.06460671106088231,0.06813414695041685,-14687822.403616656,17.0
257,1.0613517972730417,0.9181765947841276,0.9691148155091986,0.9165707963061205,0.05325151507443285,0.05997167061197498,-16752134.882996956,18.0
258,1.039922312260528,1.0517756751762193,0.9420176245240751,1.0786993381645016,0.0575282198620316,0.0630437479737654,-17610038.079306595,18.0
259,0.8774234336997658,0.8828500095832144,1.0269342182271965,1.0523549151306077,0.04919577506042765,0.05701379415409846,-17332985.77032824,18.0
260,1.168392769145787,0.9632892589704848,1.1294417000117556,0.9980745765249647,0.06859098342694425,0.07099343163429206,-12250820.16734804,17.0
261,0.982737270005918,1.0706927949989338,1.0782787454096103,0.9211803921507875,0.0253558727064456,0.039487904228190235,-28912975.136751667,19.0
262,1.1476540349725897,1.110407308331796,0.9249324758188565,1.0197901766718704,0.05734889837305355,0.06289809774383331,-18658695.967228267,18.0
263,1.049403018628274,1.0208539012659126,0.9339633815385496,0.9664188316030974,0.048092276719419846,0.05612972696488647,-20404960.235648654,18.0
264,0.9974445929008555,1.093818321540749,1.065232018551332,0.9814692833956947,0.033456862708776305,0.045397924723121846,-26947282.44553498,19.0
265,1.0771698710648345,0.7721165903495939,1.1378518840446523,0.913014311061095,0.06970870313769291,0.07184764651989559,-9501923.331370203,17.0
266,0.9637559058596867,0.9104264084299085,0.8446382229134913,1.058041339368926,0.06317144285903649,0.06710333938806284,-13398502.24183239,17.0
267,0.9532298798688108,1.0277203105384574,0.994369530534498,1.023852041361156,0.04115919418439254,0.05101298279904852,-22868236.518922057,18.0
268,1.0076821891060255,0.8973606220649144,1.1195520183336567,0.9753121708419343,0.05348106211310898,0.06018914107416225,-16310461.15006993,18.0
269,0.8443418101340249,0.965750787122727,1.1800911748761174,1.0425110871056746,0.029555182825626275,0.04263605564967681,-24930208.189605426,19.0
270,0.965134786559214,0.9720593836545257,0.9614037938539141,1.1038373991780421,0.05907587562249334,0.06418467570817461,-15745251.578037357,17.0
271,1.0381935452231554,1.0344033317752857,1.123634014483821,1.0119394579513257,0.047077424321188964,0.05542030134096653,-21036032.396056917,18.0
272,0.9740957854179297,0.9842920120732017,0.9914078488703123,0.9981388881745079,0.04528579751048761,0.054061111410073824,-20593984.85358633,18.0
273,1.072762954363698,1.004155670864584,1.0879168092658695,0.9959641709945709,0.05320156835050039,0.059942308745548165,-18339628.623381224,18.0
274,1.007863519031609,0.8401439452374314,1.1099593209642977,1.0173244237948997,0.06672996526463837,0.06972046902858857,-11274507.780198969,17.0
275,1.0998010109859653,0.7682995697445049,1.2506049645736872,0.9930205185922413,0.08277802909219581,0.08085519143067381,-5531530.191347914,17.0
276,1.1108182816737517,0.9168075258299575,1.0735328686075083,0.9473292218413172,0.061405343428878004,0.06590240555185434,-14090396.871872356,17.0
277,0.9376231039304195,1.1531225083093428,0.9771181119083984,1.0108716436589862,0.0260275167071793,0.03993491279012583,-30902811.25938958,19.0
278,1.0870067730688755,1.0396545510378083,1.0180502686172292,1.0182480501233113,0.05551950923766041,0.06160741974718906,-18145599.82304884,18.0
279,1.2403415585238275,0.9953904962373131,1.0241318856057962,1.0525327198003807,0.08236423508311498,0.08044229283160928,-7320971.159949671,17.0
280,1.1105525932957985,1.0949624244448304,1.076647626643502,0.9428497543634758,0.04167823908676501,0.051398537343384516,-24184588.454673465,18.0
281,1.1633431532301097,0.9082923685585049,1.036316255828684,0.9622862074990322,0.07166646869972344,0.07313417458610992,-10491629.928169442,17.0
282,0.9935861653407008,1.0263009928242783,1.0385628658540327,1.0210960377117642,0.045275152261036386,0.054054410398047564,-21476815.141045846,18.0
283,1.1613711269058646,1.0362827441211184,0.9707012037651221,1.0482043584144178,0.0692435713426849,0.07139464275243833,-12915977.333754,17.0
284,1.118947048892464,0.9017913747890406,1.0716880083819829,1.035058637115545,0.07643050945065909,0.07643722965066646,-8757142.518061027,17.0
285,0.9702436496640008,1.1100565450649296,0.9819933295560968,1.006278822673577,0.03348659254052322,0.045393370163610086,-27329527.880853876,19.0
286,0.9826928175716131,1.0012463238065175,0.8684469895725758,0.9279974558702853,0.03827513690914986,0.04887342708252512,-23180983.94053262,18.0
287,1.1594505063224974,0.9322430921345337,0.8810329180652432,0.8923304943198143,0.061623818571762946,0.06600284797331933,-14244733.907041505,17.0
288,0.9361038252310497,0.8941528165274001,1.1970418192163643,1.0504908544671316,0.05206443900405618,0.059174582002707456,-16692589.085828686,18.0
289,0.9311849654822276,1.1801948644275446,1.1178118584389913,0.9837584308245689,0.016127990130448848,0.032572288883715966,-34830958.826488204,21.0
290,0.7500594285126427,1.1832754058072594,0.8332513039883684,0.9177300626521554,-0.012300611028212489,0.011184621054534981,-42645665.23511155,24.0
291,1.102257043200964,1.195180192507142,1.1661127382212622,1.028195456002618,0.040780056496995794,0.05073642251028147,-26739056.926459126,18.0
292,1.0594754341665287,1.0682732447024246,1.0910714307744118,1.0140595711984688,0.04726748889105073,0.05554455674386396,-21653145.998730477,18.0
293,1.0104201103951875,0.9949925497680382,0.9095242493359988,0.9859662461566613,0.04909843058040842,0.056876034914072435,-19552674.195737787,18.0
294,0.8307043185804615,0.99213282985642,0.8813690671418899,0.9448205341392114,0.020167902841928348,0.035593666270199845,-28206353.696877867,20.0
295,1.017989415115348,1.1113601829075679,1.1101979927202776,0.9214749698188411,0.02535222942974619,0.03948273507234001,-30011489.74235532,19.0
296,0.9010371863429663,1.0752616950390572,0.8821015127754028,0.9887683425001488,0.027722054659835203,0.0411736532327681,-28292360.45771733,19.0
297,1.0550052099024552,0.9225324436109091,1.0126450607375153,0.9332987252540897,0.05329897400821863,0.0600172964837009,-16818592.729607306,18.0
298,0.9398632356048786,1.025582554731403,0.8088407519761998,1.0220237368980198,0.043615187174219174,0.052763599543253575,-22000659.37540623,18.0
299,0.9980362201073318,1.0441991963533719,1.0268696960877595,1.0682070214986923,0.05004536189959726,0.05759487836950621,-20190578.08676472,18.0
300,1.0125224502647907,0.9656475567099798,1.014675700363874,1.0271649014518194,0.055493881331375824,0.06160702378116151,-16866089.78678701,18.0
301,1.0048860070325705,1.0032473352963105,0.9157609974631894,0.9668549541224526,0.04492986549608584,0.053768993277576005,-21101499.713374846,18.0
302,0.8597394728200306,1.1399661394549552,0.8507364117530458,0.9653547401102046,0.013987981241980033,0.03088396223008488,-34253287.63620922,21.0
303,0.9281592734430802,1.0715939501555554,0.9646060386049566,1.0623871036336867,0.03877116631701428,0.049243192309550245,-24646343.41000422,18.0
304,0.9326509375756131,1.0223195329779042,0.8997583536088292,1.1072574563886695,0.0509645265071128,0.058246122851864264,-19442926.007165298,18.0
305,0.8812401580970487,1.0247856568181621,1.0760532257118518,1.020689954872575,0.02903193254435166,0.04220245993377772,-26595737.56180383,19.0
306,0.9814712341122291,0.9896143440213259,1.0052573766374933,0.9926498999185756,0.044658991456860954,0.053594757662776195,-20908760.871227,18.0
307,1.096387911679491,1.1768418401273082,0.93310098579906,0.9315098510210461,0.03411049088697916,0.04581747436350495,-28743820.234623738,19.0
308,0.9911717951648745,1.2063767470123454,0.9035590518436323,1.0819558402722034,0.03813040307887418,0.04873462217112636,-27974071.40928845,18.0
309,1.1677700814076442,0.9557129406633604,1.068277969502233,1.081419831156427,0.08173923633807512,0.08003958451057476,-7270482.177881286,17.0
310,0.9620872259012513,0.983713571191811,0.9301982903261627,0.9492621634653566,0.03880170252742403,0.04927817863330944,-22618971.14483434,18.0
311,0.9350722454933993,0.9020847786590195,1.004090016191107,0.9615013384470679,0.04401146761930389,0.053140993623910796,-19255016.513498925,18.0
312,1.0233785911790747,0.8755283483037098,1.0397056278657348,1.0416764480804463,0.06908025368332486,0.0713399719298974,-10973858.267664775,17.0
313,0.8006264357428544,1.0299245255878058,1.1473202790967951,0.9395179490654397,0.003144624508555536,0.022672119524764073,-33733924.48171489,23.0
314,1.1672572386837703,1.0335215207492836,0.915398577308991,0.9972115461171147,0.06475051590271654,0.06821545014906732,-14609973.690974202,17.0
315,1.0558326912521723,1.006080431312993,1.0646507190935643,0.9539663203460317,0.045849762422228435,0.054496732429911564,-20866632.997435093,18.0
316,1.0169360824036078,0.8869028402476016,0.9866528726381559,0.9548046179267605,0.05632785533532047,0.06222874152475113,-15234257.383916916,18.0
317,0.9264470057410233,1.098887454016835,1.1309572144713123,1.0304569060453588,0.02825034910666959,0.041623994518072194,-28766249.973629028,19.0
318,0.8907687235327421,0.9746873240244158,1.145571723997502,1.0070858456819953,0.03203185696000032,0.04442478167739674,-24444186.30925591,19.0
319,1.2319329539981694,1.0314654271515498,1.0230458939788039,0.9845441767898749,0.0682765987253832,0.07072961447412693,-13233095.20900633,17.0
320,1.0133540904782283,0.9878024130895565,1.0849730412026308,1.0478351158397292,0.05421827840550966,0.06068951318242467,-17694332.09809279,18.0
321,0.921401053949205,0.8935013637153777,0.7796553552276044,1.0253995663456272,0.05692030251165503,0.0625976194300053,-15150729.337925483,18.0
322,0.8896633393826127,0.8277687525638013,1.0466294325437158,1.1246499758716395,0.0665420534472127,0.06957431251847102,-11164598.359848592,17.0
323,0.9993929088460106,1.0670792619561313,1.0098195230257079,0.9950555173404428,0.03926764358876204,0.04961652272202586,-24380111.62744667,18.0
324,1.0919076482987768,0.9767780364649079,1.0320870776886284,1.0160848903098008,0.06236655104673488,0.06656111142606728,-14666722.124886561,17.0
325,0.9331909546356951,1.0793633879629219,0.979004829196551,0.9622127420253578,0.025950591104410635,0.039896326153586306,-28955453.448474027,19.0
326,1.0536509843570403,0.928122561456717,1.0033817388842954,0.9995440501677898,0.06173187868176073,0.0661137539289399,-14150930.972217077,17.0
327,1.1085895565831578,1.0379758586303962,0.9969967649505828,1.0408883149600143,0.061525775629470474,0.06593652603430766,-15897863.378490167,17.0
328,1.1390207549017313,1.044624824508149,1.0012423143812057,0.9344081883824921,0.05032771839130024,0.05779687534281936,-20097501.714002416,18.0
329,0.8934886336924628,0.9755820236516266,0.9268585357408861,0.9906514348507277,0.035777702300495026,0.04707477300571501,-23345298.697752528,18.0
330,1.0056649924897108,1.0423754203485385,0.991540146632909,1.0243250821913101,0.04661275126991223,0.05503786577834512,-21349969.808553036,18.0
331,1.006447441481012,0.8419626746916903,0.8872797527417495,0.9927956222139193,0.0682660038942121,0.07073700428442092,-10807088.215022188,17.0
332,0.8790305257158892,1.0479942983996964,1.1836900998812436,1.060938092584866,0.028771868482075164,0.04203594765344955,-27284466.28896597,19.0
333,0.9786557129069792,1.119258090947996,1.0178400948642534,0.9831457014440981,0.029997654752247867,0.04286606250413438,-28718391.356147714,19.0
334,0.938659733645906,0.9758024250809497,0.9534187817750526,1.0085208111187745,0.043667562731655535,0.05285311832457204,-20928464.99544811,18.0
335,1.0160573981049865,1.000243681612273,1.052432580369562,1.059532313739317,0.05537371971753655,0.061519943258847194,-17512421.467367183,18.0
336,1.0949554135441324,0.8812081625240077,0.6935294638117655,1.0467159955619636,0.08570637795331516,0.08263697155228461,-5285843.592493375,17.0
337,0.8633121301584579,0.9820187678485853,0.8595864368728768,0.909900978120999,0.021906910144871422,0.03688859535672432,-27451297.06927155,19.0
338,1.054146272820479,1.0607324128242117,0.9308187519127937,0.8704478853927545,0.031591313153068394,0.0440172410051633,-26715319.346548606,19.0
339,0.9453755551747517,1.0313443204322037,0.8225306117471045,1.0091679959889577,0.04186989170590406,0.05148815988833572,-22703163.1054764,18.0
340,0.9984690150827005,1.0463433199680872,1.0143496442096984,0.9513465529559222,0.035375881053371146,0.046786053336627116,-25168667.484337248,19.0
341,1.1196571501664492,0.9873176341578423,0.9967234552588081,0.9533366020463402,0.05686739052601719,0.06259396617017121,-16766595.988715902,18.0
342,0.955671774880849,0.9292157828778479,0.9792464728091892,1.0855854240071172,0.06015269604133908,0.0649753978860385,-14695834.266916594,17.0
343,0.8628098857068643,0.8709150881698607,1.1765404392992331,0.9895338161424067,0.036143282231289736,0.04745661326929805,-20769592.11775235,18.0
344,0.9330927261340083,1.083192374991686,0.9273261352315763,1.0913004856773467,0.0425017905764107,0.05196754004961303,-23629739.504653115,18.0
345,1.0677925871339269,0.9609670873483438,1.2588769855918605,0.9697142538498331,0.04992170058005199,0.057589167337956326,-18639522.991585504,18.0
346,1.0742095372009306,1.0239434064325192,1.1562089547278558,1.0780755598363427,0.06029639953789631,0.06509732054261533,-16144593.919720659,17.0
347,1.0032004149065767,0.9397265703723053,1.055196657152694,0.9661142315123947,0.0482583353460041,0.056308173272603984,-18742957.837151904,18.0
348,1.2013387247526623,1.010922826486619,0.9561614138425469,1.0092340152932455,0.07181245845880782,0.07318981987024205,-11614527.626940843,17.0
349,0.8652873710470304,0.9222708769191479,1.144049668953331,0.9671552860514302,0.02848345022327313,0.041858029053733224,-24097301.828286912,19.0
350,0.895308901731806,1.042932220202183,1.1422844985595597,1.0359476655332533,0.02956794897225797,0.042607685023920296,-26907540.7877942,19.0
351,1.0996047685805816,0.9394563929144432,0.8293827199909788,1.0750666825977744,0.07945541134528018,0.07843597958058432,-7997178.2376542045,17.0
352,0.9677320161157864,0.9799333586835962,1.159383297021887,1.027811500470033,0.04480228064557462,0.05374625243683011,-20669031.57476813,18.0
353,1.0455887772081607,1.1732001875920868,0.9227778123543828,1.046392006404062,0.04313070643490664,0.05240888362327417,-25350554.116302498,18.0
354,1.0057013124897085,1.0214873823090604,1.183416211169504,1.0253917878144811,0.04465370993292749,0.05362877264305749,-21593424.203575205,18.0
355,1.0538296079049634,1.0858005869847842,0.9562056724548538,0.9580395166330496,0.040548139046202754,0.05053947337306882,-24364525.363586996,18.0
356,0.8955190805978966,0.8426914728499199,1.2467448555928387,0.9448395817139158,0.036305103812521076,0.04761138929413687,-20062774.32736812,18.0
357,0.9778746376414228,0.9778549360088864,1.036888803737092,1.0407868606269648,0.05082988150345555,0.05819398331901978,-18652010.009656776,18.0
358,1.0860473488359745,0.953353804914485,0.9799453943456307,1.014128997524415,0.06520289825301197,0.06857065707284778,-13323049.629718278,17.0
359,0.9751308873816453,1.1285876460815993,1.0589169941965901,1.036743889302491,0.034452166960119844,0.046106352800453776,-27461373.538430233,19.0
360,1.0662881268667412,1.093877908598826,1.0217225870444449,0.9351584026022077,0.03676533711390565,0.047792186365445195,-25842854.736024577,18.0
361,1.039968795175264,0.9478914484966536,0.9365659981900292,1.0293182009377546,0.06301382782650951,0.06700585796767865,-14006773.201379923,17.0
362,1.1238283071433637,1.001701726138885,1.0370599615118756,1.0851107472317618,0.07206353550622384,0.07338540453904543,-11415227.388839994,17.0
363,1.0240753179488569,1.2081346491344316,1.0678611574757852,0.9119618620422091,0.017410353321580006,0.03352046036244455,-35239590.91491181,20.0
364,1.0753341621104533,1.0304926707906221,1.1547703304899295,1.033659067563498,0.0541915428566088,0.06067569746979175,-18469798.16671149,18.0
365,0.9861544016016226,0.9020561410968507,0.9749172091256769,0.957473977289535,0.0511213420576086,0.05841405322164039,-17117797.50068533,18.0
366,0.9419476550195277,1.0470862723536487,1.2003885405221688,1.019733576491149,0.032324050663660155,0.04462820511918631,-26166133.96969951,19.0
367,0.8804116937964815,1.0355682134576112,1.1435957783974782,0.9695108547840309,0.019430125772111555,0.035108837881181305,-29669544.97752012,20.0
368,0.9865982833327083,1.0011750555783359,0.9058122024301312,1.0324140216921929,0.05132651881043825,0.0585192288850024,-18918847.11969106,18.0
369,0.9879051851392219,1.0335625955125622,0.893500938663748,0.9781270849838295,0.04161516294019232,0.05131958190498966,-22840776.42174395,18.0
370,1.072238135782777,0.9701733478326586,1.2072356621480087,0.9800181907192699,0.052060773576458726,0.059147433985025956,-18107951.70224339,18.0
371,1.0224684725751887,1.0746072665498472,0.8297961120480362,0.9119595594009612,0.03460753188808785,0.04617015944657623,-26083338.70307113,19.0
372,0.8474343685429905,1.1010067282741747,0.9337770224929064,1.1279099642834125,0.032776618759318914,0.04486874512342778,-27338117.604559865,19.0
373,0.9435752401342612,1.014764104255763,1.185053194308145,1.100304644407956,0.046195323246654506,0.054784242730893086,-20938092.349071644,18.0
374,1.2061503576636399,1.0966692984474513,1.1228875030973755,1.029626347460059,0.06263933681906195,0.06674769322508474,-16356565.9280538,17.0
375,1.0778361076166638,0.9559051426937173,0.9018161339893231,0.9998312771294524,0.06370284866714171,0.06748543128648743,-13882701.89506944,17.0
376,0.9829815377475072,0.963741756053818,1.0835664936948057,1.0477652604285255,0.052889069145490665,0.059723971485690426,-17707415.59180608,18.0
377,1.0088406886291847,1.118202406484421,0.8629973063039794,0.9903170270360141,0.03820083209926765,0.04879232386624093,-25906804.89969878,18.0
378,0.9283177679397195,0.8506770706341552,0.9900783176988761,0.9939126245808358,0.053991311440993395,0.06054057696633313,-15307921.164591212,18.0
379,1.1513449743242132,1.0504649347643822,0.8770975810804954,1.0927046283167094,0.07379080633650188,0.07453619420100807,-11267587.711580504,17.0
380,1.1221033695525353,1.0465678162774892,0.9728219081380202,0.952028038163826,0.05120099468082607,0.05843326017066249,-19822817.620522693,18.0
381,0.9627793223928947,1.0870998895763349,1.226150356712153,1.0771621764136095,0.037917491917173154,0.04868693957609386,-25310526.552676495,18.0
382,0.9511150578213726,0.9104306053368791,1.0169063496293445,0.9115780317218574,0.0379533870424419,0.048709957132714476,-21186301.34479788,18.0
383,1.0323167714184782,0.9881917930961065,0.9440756197758109,0.9202648466366602,0.04301070216136777,0.052367186900212574,-21402279.64357523,18.0
384,1.0513600106569716,0.957383932827047,0.8596099797147654,0.8563868893359176,0.0415696501691047,0.05129534564334708,-21173398.335883312,18.0
385,0.9972485094949364,1.1417801277335795,1.1993511057457444,0.9771451871706864,0.025408529258790793,0.03953999081478259,-30820049.46283456,19.0
386,0.9397787939638219,1.037501940486002,0.8801937472974051,1.0150895949909733,0.039914451866717444,0.05006353955283854,-23486030.067357782,18.0
387,1.076608027838469,1.0981546579107446,0.9879815108224057,0.9898163124911517,0.04548251492906921,0.054179436466555764,-22897901.558316056,18.0
388,0.912201741324344,0.9338495716768112,0.9728225329718168,1.018368275340809,0.04540088764534502,0.054156552583945916,-19505375.476437856,18.0
389,1.091358462623325,0.9357456839455724,1.1791226282751426,0.9864438199478716,0.05987080104723793,0.06482426722759926,-14902565.428894138,17.0
390,0.9978632705651563,0.9402230656681742,0.709091168767247,1.0442022698180524,0.06534738282839453,0.06860646528897957,-13079329.663216978,17.0
391,1.0736843897092434,0.9774937954305429,1.0080388860669847,1.025796960885205,0.061825768134098784,0.06616856750702048,-14868314.894358682,17.0
392,0.8437454143113458,0.9576757858122964,1.0953117615546193,0.9372855288415375,0.01857568136944607,0.03448001920060493,-27661536.496747132,20.0
393,1.0293557932166628,0.8914734556301276,1.0559715978920232,0.9982179258851258,0.06168831179829551,0.06610814819483335,-13610222.646504099,17.0
394,0.838486818409449,1.0931791483565738,0.9118490107842341,0.959487378149281,0.012735241837412833,0.029959777137393357,-33208228.221709825,22.0
395,1.0200569197230942,1.0918909879542973,0.8781013817225923,1.0030839924923987,0.043318249028027465,0.05255084072864427,-23528907.401475076,18.0
396,1.0428816500330573,1.0554484485810516,1.021172986633267,0.9816486080458339,0.04386633934028956,0.05299562272254398,-22568082.39797416,18.0
397,0.917240977935128,1.00689151064371,0.8713433185617272,0.8539324758252697,0.01871360887625386,0.034495594832023316,-29018245.799636118,20.0
398,1.0436559804157668,1.0723147872868957,0.7164481077349794,0.9495134647645032,0.04476539051317471,0.0535812916345103,-22594699.290584862,18.0
399,1.0619154261005197,1.1645996375769359,1.002495244921049,0.9635998529385432,0.03395251001952625,0.045723164460134795,-28506613.514679376,19.0
400,0.9817103558895159,1.1099901135318548,0.9224842985050558,0.9600403996674873,0.030462190163445216,0.0431816087501148,-28321904.162706826,19.0
401,0.9517256477817968,0.923733711339303,1.0147204379193755,1.081233922923478,0.058923693613362,0.06410245110978795,-15017352.664993005,18.0
402,1.032307927311603,0.979811719829897,0.9649826477301348,0.9218404595651671,0.04363126507153431,0.05282873718865481,-21026466.695922714,18.0
403,1.088310977714716,0.9937730242389758,0.978342410369125,1.159655378392243,0.07877583013667237,0.07799576766064889,-8729125.917206673,17.0
404,1.0298752908365687,0.9398567159923853,0.9488370884553348,1.0574222854598379,0.06596602073256555,0.06910609571439694,-12868403.667808596,17.0
405,1.0113270410537765,0.8849377617346107,1.1103074721490245,0.9665927957230503,0.054481986446457326,0.06092200105889881,-15777916.755136326,18.0
406,1.1873297776217546,1.0864038452571718,0.9463213725209498,1.0640508180867556,0.06921731502332454,0.07136060238744807,-13548974.88248531,17.0
407,1.0067855510527404,1.0682218940097776,1.058167938075337,0.9576821672504563,0.03411901018100233,0.045881170728725475,-26104673.991292328,19.0
408,0.9356450167682538,1.0823968654064928,0.9598269601472151,0.9798175768379002,0.0287228200732371,0.04192740810369741,-28173090.981817152,19.0
409,0.9044877420650647,1.0338879252474769,1.2475029903091774,0.9466233542872864,0.017187191790773024,0.03345505022414182,-30251662.957943197,20.0
410,1.0024219456672758,1.1129776444332344,0.9904430330505142,1.0226185898124867,0.039133934883504126,0.049503649839911575,-25470925.121762887,18.0
411,0.893760647185312,1.0342645677766118,0.9775426881994541,1.0492864997839932,0.03582134307765707,0.0471053120594039,-24735342.751205266,18.0
412,1.1187386051564752,1.207165091361489,1.069555980785629,1.0162898158291083,0.04203595735230715,0.051634288065672475,-26516787.724792976,18.0
413,1.0194384301577335,0.9717466965751449,1.040618061215403,0.9852299294930486,0.04969349060275877,0.057357767861874166,-18910060.724810217,18.0
414,1.0168460976269613,1.1054078028486367,0.8792148921664431,1.0569939280564522,0.04808009900030532,0.05608895152836065,-22091584.579332527,18.0
415,1.1317115067339865,0.9905545178407137,0.7453774121189687,0.9696089006452784,0.06533155649215695,0.06859484546187374,-13785206.6739715,17.0
416,1.129699454656111,0.9981705550160894,0.8800837321246107,0.9747612539385891,0.062159310617911565,0.06636999833034116,-15055631.83845358,17.0
417,1.0840620026504553,1.0437386854561104,0.9713281480996366,0.9816587794092656,0.051032963795485206,0.05830975794705905,-19828976.32900305,18.0
418,0.9608241850956178,0.9262071852401198,1.193845082736333,0.983883976539433,0.04309454356410131,0.05251936577027278,-20055532.2327881,18.0
419,1.1217158520825496,1.121705284153796,1.1197973077777552,0.9784189843640976,0.04426894408487551,0.05329994198088293,-23840590.292037442,18.0
420,1.040373009033661,0.9980643514887267,0.8915557767123846,1.0162179640860802,0.05670696319715949,0.06244817781515281,-16999749.563782535,18.0
421,0.8820960208840197,1.095014351076925,0.9442459243241929,1.010057982793642,0.024374194558860522,0.03871764597387045,-29858230.076065667,19.0
422,1.0283287871546143,0.9792876021036738,1.070403256177033,0.9762548171688737,0.04813475714388001,0.05620851579663962,-19570716.149915613,18.0
423,1.0871297297457243,0.8923216255802601,1.0151655495455694,1.0969464499529142,0.08295700866182262,0.08086675261167021,-6351923.45573087,17.0
424,0.8999668675394425,0.9457804023580119,1.06166894195907,1.0089790890969799,0.03888607157921121,0.04938924614871901,-21733915.63203587,18.0
425,1.035063009927356,1.0391349704118131,1.0761665762274124,1.055484992097811,0.052678612482123174,0.05954676402235812,-19162881.795889456,18.0
426,1.0409818656928513,0.9806993876305166,1.0807088441443278,1.094994096744761,0.06450587482037826,0.06809459686692246,-13960033.43890753,17.0
427,0.9867366253617427,0.9220376556263487,1.1328496803144368,0.9939809418023201,0.0499901348969829,0.057618394618520384,-17858742.285977233,18.0
428,0.7827330453985963,1.0677937341720338,0.9357606176855293,0.9954733358847919,0.010420217261310177,0.028204844503824173,-33065192.69162716,22.0
429,1.0331980330569015,1.0152399743823253,1.0851342180566848,0.9782256814715078,0.044882946928187076,0.05377591370212374,-21379484.524660084,18.0
430,1.0513105798176083,0.9792362657932866,1.0886572577065003,1.0307683742006526,0.05776670590055766,0.06327075602188673,-16323063.624396961,18.0
431,0.9064561297955405,1.0868785692940026,0.9356843865863143,1.0404028899140572,0.0323918772637884,0.04459358330578265,-27113420.51971315,19.0
432,1.036728731340134,1.1470546941436097,0.9731840821153778,0.9825341601940901,0.03558108492297769,0.04690166877713205,-27508621.061264712,19.0
433,0.9980580394112267,0.9757456173732579,1.0959930282330461,0.9191844695781706,0.03612561564774615,0.04737878308774049,-23258005.42232912,18.0
434,0.8946317580853645,0.9145757662736645,1.1140369110368291,1.0855306686290962,0.049988584124657995,0.057614485667152535,-17714137.339538783,18.0
435,0.9895550781462529,0.9864942621447992,1.0084062595735817,1.0580939151304096,0.054200935495326535,0.06065730154968845,-17672887.95884198,18.0
436,0.9072646865809426,1.0190695186187828,1.1170237155738916,1.0250547084969923,0.03290684647068372,0.045035692706514446,-25284122.106439017,19.0
437,1.0189581616598744,1.0800836874053712,0.6756121248400915,1.0338937659765455,0.05221918926495917,0.05910308744030827,-20063976.116606325,18.0
438,0.9345924316872576,0.8535493682514834,1.0613443119429977,1.068682927258148,0.06252251173276331,0.06671834778963459,-12774730.968005259,17.0
439,0.9862551485372308,1.0762299637762351,1.1934733909586375,1.0657457226792024,0.04144760342530846,0.05126374834992341,-23859363.97481103,18.0
440,1.1639964529371394,1.0593701992857514,1.0090520366681912,0.9199017094051416,0.04944366669758179,0.057141811268793204,-20697117.11504603,18.0
441,0.9753937511870051,0.9325402723747047,1.2605131260997378,0.9912057093783831,0.043764091391238664,0.0530252383898419,-19994615.963338137,18.0
442,1.0123204806784485,1.0441188300832374,1.0052322935646945,1.0847525520215378,0.05430085570143966,0.06071499383726877,-18665770.710986797,18.0
443,0.9377350638265548,1.0155685964189793,0.9109035297162342,0.9339988744389647,0.030718973128565374,0.04338826981379303,-25841468.77653582,19.0
444,0.9388230909094715,0.997037056236127,0.9484837330579288,0.9653789510063072,0.03598771158908917,0.04722880710032309,-23794657.419030882,18.0
445,0.8593682536328167,0.9933515541897044,0.8194335551162797,1.0380027981844802,0.037539442597246994,0.04832579646437928,-23222157.857205544,18.0
446,1.0082439752934502,0.8833958800428056,0.9628949107540163,0.9623921797204709,0.057239668878346965,0.06288399901709255,-14889264.090587093,18.0
447,1.031917451041918,1.1072360356818516,0.7749793036425107,1.005751303957371,0.04575256791315383,0.05432777844546857,-22975065.189468488,18.0
448,0.9839867204433359,1.0537072061160373,1.0255835953885226,0.962401533413059,0.03399924067043752,0.04578967688302495,-25786695.461256035,19.0
449,0.9680946064333382,0.9363179314557208,1.1291208566318318,1.001065582433597,0.04686419733087112,0.05529332164119522,-19114461.228232425,18.0
450,1.1901190685753007,0.9951471348948303,0.9149911879707444,0.9243142803693587,0.061637580478809385,0.0660063557180328,-15199846.153183704,17.0
451,0.8196860323744055,0.8732691245595608,1.032055198121378,1.0254362511614967,0.037788825463076124,0.04860855964012426,-20370403.781404823,18.0
452,0.8418809297967866,1.0716030651260893,0.9420326737979873,1.0073396505992775,0.02047155960386523,0.03581800195959186,-30376410.721811946,19.0
453,1.1612220628255425,1.0717471452692426,0.9677763222513002,0.9554403887292356,0.05356832671475446,0.06016421787350578,-19428088.174135093,18.0
454,0.7848184598670696,0.9424677344606064,0.9746643713406766,0.9506410236424407,0.01616013441139499,0.03262452349489453,-27815358.219833042,21.0
455,0.9868743032907695,1.0061481506367014,0.9730172821830305,0.9674998709588271,0.041079615169877744,0.05095435485762994,-22413648.410647754,18.0
456,1.0168654671966728,1.0353552519655527,0.8691521107068585,1.0705466189873134,0.056902036823459325,0.06257598299941347,-17561060.941330105,18.0
457,0.9901411867715738,1.0015079698355878,1.0849857307907869,1.0116608065631751,0.045154523391978826,0.053983295265910516,-21002157.078215446,18.0
458,1.0953136633913245,1.022969933216146,0.9265075150431474,1.018075176260305,0.06011844122084636,0.06491387923639012,-16184302.081272295,17.0
459,0.8856273792679338,1.0086847764621218,0.9960124011226648,0.989594157136373,0.02934417595672808,0.04241206541090025,-26080701.31057096,19.0
460,0.9871462488561069,0.8494520763601889,0.9341530110710846,1.0046422450570558,0.06514912801682653,0.06855001722140157,-11890287.410491101,17.0
461,1.01598563919974,0.9177859887259233,1.1518849409037641,0.956691257589275,0.04881632638112297,0.0567569444702253,-18140933.389408972,18.0
462,1.0969457200526738,1.0341755489497348,0.9224527228187436,1.0887655446304756,0.06789132927800934,0.07043496145413998,-13413507.601574128,17.0
463,0.880636316824352,1.0735323338888,1.1200698781651575,0.9664689895461678,0.01609125409690173,0.03257538328586894,-31703905.197299775,21.0
464,1.139246530006433,0.9799962788320837,1.0346432355135828,1.0130160919385611,0.06719424211339278,0.0699837599659392,-12971978.624037925,17.0
465,0.9865691258529452,1.0648646618527826,1.0952186464662657,0.912573401338091,0.024782227328795974,0.03907052129726207,-28930084.72514066,19.0
466,1.1304340242878153,0.867000640957146,1.123905544520999,1.056335256841379,0.08429810352651518,0.08180477685975049,-5704108.401983168,17.0
467,0.8909033569784801,0.9671348569636332,0.8673154397816877,0.9892539484855633,0.037629727634438594,0.04841198145906498,-22587358.463398587,18.0
468,0.9691965715814259,1.0623728425815473,1.157237049534353,1.0697841905394978,0.041817862752997155,0.05153008606245768,-23425150.92422702,18.0
469,0.9437831973421698,0.9832622501004378,0.797987416933486,0.9597064966751906,0.041018229434922844,0.05086632932805102,-21912343.301231164,18.0
470,1.0964851633097457,1.1292466258838585,0.8518781353744094,0.9703767870423553,0.045145626319554204,0.0538879607449867,-23660493.173406143,18.0
471,0.9973594243041073,1.0224128927055685,0.9028475776094025,1.0212030522232045,0.0491478753154792,0.056904473230893086,-20072657.847594827,18.0
472,0.9526160652929084,0.9988438183297377,1.065554109760444,1.000321113490547,0.03939271685730282,0.04974104398906645,-22790517.47489803,18.0
473,0.9563614109473432,0.9912312156859335,0.9893964448953597,0.9814994485058937,0.04007297763483118,0.05022194809075404,-22399582.120093666,18.0
474,0.9741203937332897,1.1278917736403773,1.0673103337529486,0.985225984098542,0.02776046472765709,0.041239785126381365,-29677017.004719112,19.0
475,1.0696954404510737,0.9732944408195192,1.140774956510397,1.0184821096099046,0.05801598878107288,0.06346607253513202,-16140797.314472623,18.0
476,0.9892697855995771,1.0358173540648221,0.8114948617517801,0.9436616265545097,0.03898758812595498,0.04936743350591752,-23744598.02189017,18.0
477,0.8806074993600944,1.0114354475810965,1.2079017999382111,1.1115650073096317,0.038212849609015505,0.04892047263131239,-23460750.361654114,18.0
478,1.0638051101440757,1.0400675579955565,0.7838730719016713,0.9728663100132989,0.05186093650431834,0.058873096185199016,-19455390.08215459,18.0
479,0.9212216248091761,0.9503321921399107,0.9798227417698252,0.9763954711151437,0.03922192531996466,0.04960717266037099,-21732162.107658446,18.0
480,0.8020700189624212,1.0598328204894027,0.8712708369112232,1.0119623432055576,0.017996568461182878,0.03394247228149246,-30742331.381911114,20.0
481,1.2074082669749973,0.9264492326730861,0.6963654972704405,0.9856997889059944,0.08469253574651739,0.0819490952158927,-5938536.02461008,17.0
482,1.110095963499857,1.1566677963376475,0.85245404866571,1.0248349611618262,0.05079471919731601,0.0580834632824714,-22055351.871912535,18.0
483,0.9534689543219946,0.9915241316556691,1.3173212016420441,0.9248514835802424,0.023452185296120386,0.03817750658489788,-27334531.401744947,19.0
484,1.0253739661494574,1.0374154537412346,1.1302943589927217,1.0048991576735449,0.04410572563355984,0.05320334379207978,-22110308.407502547,18.0
485,1.0308050539504103,0.9686681146062567,1.0322952329494128,0.9828403862251295,0.05134602601484106,0.05857554466964647,-18306878.10329137,18.0
486,1.0621571889856052,0.9704311731165093,1.0452520472682623,0.9985368593157511,0.05685352738024109,0.0626010309344677,-16487802.922947822,18.0
487,1.1126050250772168,0.9958885021129211,0.7872361038151743,1.0630960750356997,0.07356084583979164,0.07436665642586787,-10769161.978091532,17.0
488,0.9094267699137382,0.9476986929080944,0.9285206447147809,1.0687219046585408,0.050698965221924464,0.058076388221628646,-18114600.413191088,18.0
489,0.7864325786021304,1.2510198826927996,1.1267268170879263,1.011161945706458,-0.00806488867205776,0.014030497016312062,-44048132.04022147,24.0
490,0.9945105999383713,1.0228443259886126,1.0625346914055207,1.032260779297503,0.046613134695004346,0.055061556674058064,-20955354.401919454,18.0
491,1.0555604466003448,1.00716645450042,0.9763193895631209,0.9924363358173244,0.05273389944565588,0.05957015716984203,-18550575.38399688,18.0
492,0.9805091719647319,1.0907016077493652,1.0712268066737034,0.8529805682667859,0.013567726908937278,0.03064177136873479,-32917917.01782389,21.0
493,1.065590077652976,1.015578895577502,0.9977549492264923,0.9805740773455557,0.05105162174463463,0.05833703980072998,-19290521.22268018,18.0
494,1.1124112719986012,1.0758021169698286,0.9072546798611669,1.0203526143562267,0.05725887574859388,0.06283552890320242,-18111943.360804696,18.0
495,0.9028343265458714,0.8896305468168856,0.9247939330492042,1.043119673619138,0.05348702183278113,0.06013992381772469,-16158236.8349844,18.0
496,1.0953125045376086,1.0410468336077834,1.0870114944217597,1.0258089143557478,0.05590844778250537,0.061906784114590684,-18031617.17765114,18.0
497,0.9358518404777048,1.0345538035739152,1.0960491430273218,1.0377145664906786,0.03747178456647358,0.048343051998506976,-24225072.610585727,18.0
498,1.1188913371474642,1.056664307776085,1.04217378490499,1.0535075119158215,0.06144399028393598,0.06588437711846938,-16216548.685944332,17.0
499,0.997347874075094,0.9294500279017825,0.9804319643267483,0.9627548677596776,0.049985269997707006,0.05756923019315485,-17994510.49533756,18.0
